SITE_ID,SITE,SLFL,yDay,TEMP.mean,TEMP.sd,TEMP.mad,TEMP.q05,TEMP.q25,TEMP.q50,TEMP.q75,TEMP.q95,TEMP.count,yDay.summer
868,Pelorus Island,SL,1,28.32242750972222,0.5924120812022425,0.5431307265562534,27.49605208333333,27.83402356076389,28.432621677083333,28.60963541666667,29.09185729166667,10,93
868,Pelorus Island,SL,2,28.315423335416668,0.691568200832148,0.7435942308374963,27.290416666666665,27.794722682291667,28.459390062500002,28.777239583333333,29.128303125000002,10,94
868,Pelorus Island,SL,3,28.371359318181817,0.6599912599170423,0.7436114042875056,27.39388541666667,27.931141177083333,28.499690979166665,28.836666666666666,29.14552083333333,11,95
868,Pelorus Island,SL,4,28.382225443181817,0.7590771235028855,0.5930185743708414,27.26178125,27.849278059027775,28.645625,28.909114583333334,29.259895833333324,11,96
868,Pelorus Island,SL,5,28.343033368686864,0.6738807477428854,0.519898399999998,27.366333333333333,27.839479166666663,28.600583333333326,28.799687499999997,29.128854166666656,11,97
868,Pelorus Island,SL,6,28.369366138257575,0.6906383087899145,0.8176095249583499,27.42188541666667,27.859458333333325,28.31792840277778,28.852083333333336,29.294955809027776,11,98
868,Pelorus Island,SL,7,28.468096378787877,0.6377395856008551,0.7766017046958358,27.454520833333333,28.09947916666666,28.490772659722214,28.984687499999996,29.166175003472226,11,99
868,Pelorus Island,SL,8,28.58294122853535,0.7341986162294252,0.7476778363249995,27.488,28.195624999999996,28.649656541666666,29.152812500000003,29.499202652777775,11,100
868,Pelorus Island,SL,9,28.722100515151514,0.7615196497232256,0.6937641375000074,27.489427083333332,28.273020833333334,28.91835416666667,29.204166666666666,29.625985579861105,11,101
868,Pelorus Island,SL,10,28.71909994191919,0.7891516883992284,0.6952467374999987,27.43109375,28.4390625,28.913333333333323,29.151447916666662,29.722162145833327,11,102
868,Pelorus Island,SL,11,28.736670338383835,0.8075434082462064,0.8490973749999967,27.459406249999994,28.361180749999995,28.845625,29.286770833333325,29.758704027777775,11,103
868,Pelorus Island,SL,12,28.755005510732317,0.7772718790504836,0.8098702499999956,27.56427083333333,28.30856225,28.812083333333327,29.289999999999996,29.743030559027773,11,104
868,Pelorus Island,SL,13,28.779454734848482,0.7922341157399523,0.5121307188374995,27.616687499999998,28.198437500000004,29.098541666666666,29.24927083333333,29.710079343749996,11,105
868,Pelorus Island,SL,14,28.526419966540402,0.7564432716297969,0.8711911934541533,27.6168125,27.724260416666667,28.68759792361111,29.026354166666668,29.535437937499992,11,106
868,Pelorus Island,SL,15,28.495733438762624,0.796748231591608,1.084881255470831,27.433593749999993,27.781645833333332,28.591742381944442,29.017812499999998,29.56417313888889,11,107
868,Pelorus Island,SL,16,28.557353343434343,0.7115276054468708,0.9211821694833259,27.69547916666667,27.850874999999995,28.508879472222223,29.078125,29.512774486111113,11,108
868,Pelorus Island,SL,17,28.61836697032828,0.6990149801254443,0.9135114338875197,27.79663541666667,27.979802083333325,28.641363354166668,29.041666666666668,29.667961659722224,11,109
868,Pelorus Island,SL,18,28.62951810037878,0.7332794399778623,0.8633984110499918,27.788312499999996,28.016562499999992,28.605979083333327,29.065208333333324,29.78261001041667,11,110
868,Pelorus Island,SL,19,28.57686960290404,0.6357445469765658,0.47998078493748614,27.793468750000002,28.188333333333333,28.451034270833325,28.950015680555563,29.542812499999997,11,111
868,Pelorus Island,SL,20,28.627124529671715,0.6427146545249846,0.8587386507291686,27.858406249999994,28.221041666666665,28.487455381944443,29.106863472222223,29.573437499999997,11,112
868,Pelorus Island,SL,21,28.65186371022727,0.5807328332209921,0.6718031249999894,27.95111458333333,28.302458333333327,28.637291666666673,28.867604166666666,29.53375,11,113
868,Pelorus Island,SL,22,28.69140302651515,0.655111964169524,0.34748437500000523,27.984135416666668,28.29927083333333,28.704375000000002,28.8294145625,29.730729166666663,11,114
868,Pelorus Island,SL,23,28.67798178724747,0.5405553915866599,0.29219574999998704,27.958791666666663,28.464687499999997,28.566875000000003,28.843901017361105,29.520729166666666,11,115
868,Pelorus Island,SL,24,28.77964954482323,0.5841295738609271,0.30516849999999107,27.994791666666664,28.517552083333328,28.810625,28.97090747222222,29.632708333333326,11,116
868,Pelorus Island,SL,25,28.869227407196966,0.5812682621602402,0.49790650000001063,28.111281249999998,28.568125,28.842291666666668,29.07206013541666,29.754791666666662,11,117
868,Pelorus Island,SL,26,28.9143031010101,0.5532560235195055,0.5037751249999896,28.19463541666667,28.61125,28.895416666666666,29.150871437499994,29.75520833333333,11,118
868,Pelorus Island,SL,27,28.98413463636363,0.48968700473891125,0.43739890678750093,28.34496875,28.74572916666666,28.970603479166662,29.16030334375,29.73395833333332,11,119
868,Pelorus Island,SL,28,29.074803239872125,0.385898345379556,0.34405586250000203,28.65900265957447,28.773901680555557,29.046687499999997,29.228125,29.70447916666666,11,120
868,Pelorus Island,SL,29,29.110732769570706,0.32022092521964957,0.25917701249998654,28.722436336805558,28.9128230625,29.071666666666665,29.215645833333333,29.635937499999997,11,121
868,Pelorus Island,SL,30,29.175155999999998,0.3190299949898266,0.23282027632500024,28.66095889583334,28.992333333333328,29.257548208333326,29.389791666666667,29.528229166666666,11,122
868,Pelorus Island,SL,31,29.289870295964967,0.35810756665820476,0.4478605854041609,28.749605239583335,29.011145833333323,29.33813050694444,29.56822916666667,29.674678634751768,11,123
868,Pelorus Island,SL,32,29.284655999368685,0.4037514091054891,0.5125471750000068,28.774895833333332,28.970665736111112,29.187208333333327,29.64333333333333,29.809687499999995,11,124
868,Pelorus Island,SL,33,29.205518208964644,0.5303399636812608,0.6285524295166599,28.590977913194443,28.692489583333334,29.09645280555555,29.67021875,29.885208333333324,11,125
868,Pelorus Island,SL,34,29.100468258838383,0.6456238951831001,0.9340641925999797,28.113115506944446,28.70364583333334,29.11331566666667,29.758958333333325,29.797906249999997,11,126
868,Pelorus Island,SL,35,29.110474070789415,0.7138902529344344,0.9016061250000016,28.13129625,28.563854166666665,29.270625,29.755353260869565,29.9779375,11,127
868,Pelorus Island,SL,36,29.04721065719697,0.7075455381013077,0.8611435000000016,28.15108493055555,28.484583333333337,29.013125000000002,29.6671875,29.94220833333333,11,128
868,Pelorus Island,SL,37,29.065371809343432,0.7083431588494092,1.0035348749999984,28.168812499999998,28.402510423611112,29.064999999999998,29.698229166666664,29.944187499999998,11,129
868,Pelorus Island,SL,38,29.11791166526972,0.6734096497529862,0.6779806250000154,28.141072916666666,28.508824267361113,29.339583333333326,29.646159131205675,29.845750000000002,11,130
868,Pelorus Island,SL,39,29.067752506944444,0.6923259395313933,0.46887224999999494,28.002499999999998,28.522039107638893,29.33895833333333,29.63072916666667,29.748072916666665,11,131
868,Pelorus Island,SL,40,29.027968133207068,0.7462327705054296,0.6316493749999996,27.85182291666666,28.52785304513889,29.33895833333333,29.611648770833334,29.7865625,11,132
868,Pelorus Island,SL,41,28.84764857007575,0.8211093487551943,0.7709519999999993,27.648229166666663,28.166104166666663,29.268124999999998,29.500634802083326,29.731666666666662,11,133
868,Pelorus Island,SL,42,28.952335520202016,0.7874720999271148,0.7466753722166548,27.69929166666666,28.395792958333335,29.291875000000005,29.391989583333327,29.844521152777777,11,134
868,Pelorus Island,SL,43,29.145140585499153,1.0443036171177655,0.9206398467583413,27.730833333333337,28.487322935523117,29.208125,29.619491951388888,30.691979166666663,11,135
868,Pelorus Island,SL,44,29.08044402361111,0.8625102522296345,1.1529860720291718,27.829356250000004,28.50703125,29.194791666666664,29.77733333333333,30.143056439583333,10,136
868,Pelorus Island,SL,45,28.516103352083327,1.626836635239537,0.9740373125000042,25.91904166666667,28.172864583333322,28.914374999999993,29.26179166666666,30.080653853125,10,137
868,Pelorus Island,SL,46,28.49414573402778,1.803474599143638,0.9226559562499972,25.619791666666664,28.225057291666673,28.919583333333335,29.28567187499999,30.218968303125003,10,138
868,Pelorus Island,SL,47,28.60319004336525,1.4706997242245166,0.8324798999999982,26.2335294117647,28.283947916666662,28.86875,29.33626041666666,30.132282646124025,10,139
868,Pelorus Island,SL,48,29.038523091820988,0.8777015351981472,0.9226096250000037,27.7915,28.550625,29.17291666666667,29.428749999999997,30.195049797222225,9,140
868,Pelorus Island,SL,49,29.03736059091519,0.9117361936886154,0.7738795978260845,27.69809166666667,28.655416666666667,29.177391304347825,29.466041666666666,30.217133272222217,9,141
868,Pelorus Island,SL,50,29.04326950540123,0.9536264439290636,0.6584906124999952,27.61152083333333,28.769166666666667,29.213312499999997,29.535833333333326,30.262153552777775,9,142
868,Pelorus Island,SL,51,29.04971437981021,0.9630837063475121,0.70548298643616425,27.60708333333333,28.75659574468085,29.232437499999996,29.558333333333323,30.279733469444437,9,143
868,Pelorus Island,SL,52,29.069020913580246,0.9059177209766117,0.7650833750000152,27.72908333333333,28.681458333333325,29.1975,29.61604166666667,30.225225288888886,9,144
868,Pelorus Island,SL,53,29.099113885030864,0.8581016677100619,0.630105000000001,27.815349999999995,28.762083333333322,29.17666666666667,29.60166666666667,30.180993319444447,9,145
868,Pelorus Island,SL,54,29.052818507716044,0.8603445833036923,0.6495641250000044,27.809158333333325,28.697083333333325,29.135208333333328,29.250125,30.223088294444437,9,146
868,Pelorus Island,SL,55,29.000376565586418,0.8307021706719466,0.8340451652458546,27.76226666666667,28.672708333333325,29.256458333333324,29.326458333333328,30.060605636111113,9,147
868,Pelorus Island,SL,56,28.921915480709874,0.7641554348073966,0.7721407878041845,27.79463333333333,28.544375000000002,29.094583333333325,29.36635416666667,29.864654063888885,9,148
868,Pelorus Island,SL,57,28.9090461095679,0.7278029027962931,0.818083833408327,27.85845,28.44354166666667,29.12166666666667,29.477416666666667,29.730757661111106,9,149
868,Pelorus Island,SL,58,28.833539148919748,0.7325930909775963,0.6263984999999991,27.763725,28.478958333333328,29.150833333333324,29.540437499999996,29.57050760277777,9,150
868,Pelorus Island,SL,59,28.711984568672836,0.7238489013311,0.6902532686291751,27.61318333333332,28.41479166666667,28.869791666666664,29.33536111805556,29.533558333333325,9,151
868,Pelorus Island,SL,60,28.694545086805554,0.7011285021443106,0.7308438862812496,27.646604166666663,28.337708333333328,28.83604166666667,29.283958333333324,29.510370645833337,9,152
868,Pelorus Island,SL,61,28.72223381749274,0.6943520996179258,0.6253467909208419,27.685725,28.36083333333333,28.827083333333334,29.1675,29.513612086111117,9,153
868,Pelorus Island,SL,62,28.732680889660493,0.6940179557047015,0.5874802500000135,27.715820833333332,28.354583333333327,28.750833333333336,29.143753006944447,29.557899999999993,9,154
868,Pelorus Island,SL,63,28.752889643518515,0.7172581024840224,0.7391378749999914,27.744016666666663,28.322916666666668,28.82145833333333,29.24019429166667,29.645233333333326,9,155
868,Pelorus Island,SL,64,28.704834579475307,0.7332558579178244,0.7518017499999904,27.67646666666667,28.320625,28.827708333333327,29.29967788194444,29.611766666666668,9,156
868,Pelorus Island,SL,65,28.715237478395057,0.700313239473617,0.8209153317166679,27.74939583333333,28.2518125,28.738125,29.291824805555557,29.567683333333324,9,157
868,Pelorus Island,SL,66,28.713016685570985,0.6975325345571313,1.017409792247929,27.73870833333333,28.24995833333333,28.66145833333333,29.34769183680556,29.56055,9,158
868,Pelorus Island,SL,67,28.71099575462963,0.6534799065767642,0.9518034398250009,27.776291666666665,28.35210416666667,28.69895833333333,29.34094095833333,29.47878333333333,9,159
868,Pelorus Island,SL,68,28.656358103009257,0.6218962118774449,0.9836958491937456,27.825916666666664,28.374395833333327,28.542291666666667,29.20578542708333,29.451025,9,160
868,Pelorus Island,SL,69,28.57951023688271,0.6104515955421564,0.8722630000000126,27.835708333333333,28.105833333333326,28.426041666666666,29.080446298611115,29.376920833333322,9,161
868,Pelorus Island,SL,70,28.496192142746914,0.6342853211101693,0.8519392000291695,27.723041666666667,27.881666666666668,28.38854166666667,28.963166784722226,29.3007,9,162
868,Pelorus Island,SL,71,28.407943853780857,0.6551696833013178,0.5005327045395932,27.491791666666657,27.913020833333327,28.526020833333323,28.79083333333332,29.19843420694444,9,163
868,Pelorus Island,SL,72,28.20981191753472,0.6146654774103943,0.3729939957479234,27.329088541666664,27.724010416666665,28.493229166666662,28.70046758506944,28.74730461909722,8,164
868,Pelorus Island,SL,73,28.14194934157986,0.6449308056239761,0.39861863124999086,27.218255208333332,27.62203125,28.455416666666668,28.609237716145834,28.732621874999992,8,165
868,Pelorus Island,SL,74,28.08265038194444,0.6462145090600723,0.4090586062499977,27.172494791666665,27.529244791666663,28.40479166666666,28.507261666666665,28.713738541666658,8,166
868,Pelorus Island,SL,75,28.03952026605902,0.6535476131527905,0.6420463829135399,27.136598958333323,27.47794270833333,28.29654981423611,28.450687499999997,28.748722916666658,8,167
868,Pelorus Island,SL,76,27.988319337239577,0.6783097569597648,0.9888845399343649,27.11548958333333,27.385208333333328,28.13683984895833,28.415770833333323,28.806683333333325,8,168
868,Pelorus Island,SL,77,27.96180380295139,0.7088704422205472,1.022376250000005,27.039723958333333,27.376119791666667,28.11541666666667,28.355567609374997,28.84353541666667,8,169
868,Pelorus Island,SL,78,27.919841717881944,0.7237764676513709,0.863923374999999,26.930765625,27.407317708333327,28.039895833333336,28.380446140624997,28.805621874999996,8,170
868,Pelorus Island,SL,79,27.89841984765625,0.7961998018916293,0.7779789062499929,26.78951041666667,27.45216145833333,28.02666666666667,28.266805544270838,28.921758333333322,8,171
868,Pelorus Island,SL,80,27.89451536264406,0.9077551385672988,0.6483039807180861,26.63096875,27.513828124999996,27.99759890625,28.204288563829792,29.1085852393617,8,172
868,Pelorus Island,SL,81,27.870620993923605,0.8990596659148717,0.5450871562500019,26.538187499999996,27.54768229166666,28.000833333333325,28.303512421874995,28.964110416666664,8,173
868,Pelorus Island,SL,82,27.873164214843747,0.9303392820578947,0.5815198659593779,26.45504166666666,27.49390624999999,28.079270833333332,28.428510721354165,28.895355634895832,8,174
868,Pelorus Island,SL,83,27.860487822482636,1.0055950135145733,0.7552970387010449,26.30970312499999,27.43065104166666,28.140520833333333,28.43883501996528,28.926116944618048,8,175
868,Pelorus Island,SL,84,27.852283836805555,0.9492849325631078,0.7754614720416703,26.389531250000005,27.410312499999993,28.093854166666663,28.527354131944442,28.803467659722216,8,176
868,Pelorus Island,SL,85,27.854660585069443,0.917077790327965,0.8707186250000086,26.470489583333325,27.40364583333333,28.095,28.39850517708333,28.83338125,8,177
868,Pelorus Island,SL,86,27.877466398437495,0.8743095556998252,0.8942563980437567,26.61228645833333,27.43106770833333,28.022594760416666,28.380364583333332,28.879998958333324,8,178
868,Pelorus Island,SL,87,27.914127605034718,0.9246730514958444,0.8135767500000053,26.58419791666666,27.517812499999994,27.938791670138887,28.505833333333335,29.020669791666663,8,179
868,Pelorus Island,SL,88,27.928349044492464,0.9769044827452228,0.9189803437500043,26.54523238031915,27.501875,27.91717255208333,28.59317708333333,29.098165625,8,180
868,Pelorus Island,SL,89,27.913446026420285,0.953092618414552,0.9490956562499979,26.563706227836875,27.503177083333334,27.891728032986116,28.614218749999992,29.021065625000002,8,181
868,Pelorus Island,SL,90,27.91963020616319,0.9242746198673069,1.0383605312500037,26.582463541666662,27.546406249999997,27.894427074652775,28.729791666666667,28.888207291666667,8,182
868,Pelorus Island,SL,91,27.968096094618055,0.882501211890636,1.0587462812499984,26.731250000000003,27.546458333333334,27.91254062847222,28.765234375,28.93353125,8,183
868,Pelorus Island,SL,92,27.922684107638887,0.8037543618638994,0.8262251812499986,26.764317708333333,27.548750000000005,27.958298930555557,28.549125,28.791385416666664,8,184
868,Pelorus Island,SL,93,27.883594735677082,0.7617363738037674,0.74207803295937,26.798838541666665,27.479296875000003,27.964951859375,28.404322916666672,28.733833333333333,8,185
868,Pelorus Island,SL,94,27.849899608072914,0.7564191520651027,0.880525406250005,26.75811458333333,27.434713541666664,27.983838015624997,28.288249999999994,28.725822916666665,8,186
868,Pelorus Island,SL,95,27.81943225,0.7592530950052572,0.7685582187500042,26.746890625,27.399375,27.933249833333335,28.19151041666667,28.782624999999996,8,187
868,Pelorus Island,SL,96,27.757054783420138,0.6933674068134238,0.6310316250000028,26.776838541666667,27.410807291666664,27.809417050347225,28.13984374999999,28.6390625,8,188
868,Pelorus Island,SL,97,27.669220930121526,0.5988107438302411,0.6652266022572872,26.802557291666673,27.43122395833333,27.669539970486113,28.114218749999996,28.36146875,8,189
868,Pelorus Island,SL,98,27.595088318576384,0.5252582611483131,0.529073310514578,26.836979166666666,27.307322916666656,27.65533244097222,27.992135416666656,28.18730208333333,8,190
868,Pelorus Island,SL,99,27.53851850998264,0.5371608334620964,0.3982479812500049,26.754406250000002,27.260828124999996,27.66237612326389,27.83307291666667,28.166197916666672,8,191
868,Pelorus Island,SL,100,27.49420562673611,0.5545671788937371,0.451389924999994,26.671234375,27.216567708333333,27.622135416666666,27.79666084375,28.142656249999998,8,192
868,Pelorus Island,SL,101,27.476730404513887,0.5947061917343106,0.4631580624999896,26.60214583333333,27.222447916666667,27.570677083333333,27.777075135416663,28.199760416666663,8,193
868,Pelorus Island,SL,102,27.428544609375,0.6293005016534484,0.6796310985625043,26.520281249999996,27.133041666666664,27.454615937499998,27.90046875,28.162916666666664,8,194
868,Pelorus Island,SL,103,27.296547979600696,0.6844645575375612,0.8825330937499953,26.323255208333336,27.041140625000004,27.213816918402777,27.876848958333326,28.095744791666668,8,195
868,Pelorus Island,SL,104,27.16680726909722,0.7227163631610096,0.9121850937500026,26.17465624999999,26.902463406249996,26.999041666666663,27.871744791666668,27.97835416666667,8,196
868,Pelorus Island,SL,105,27.123140127604167,0.8027570148374976,0.8638586502437597,26.124994791666662,26.773802083333333,26.826050093750002,27.92638020833333,28.08322916666667,8,197
868,Pelorus Island,SL,106,27.076285653211805,0.8470794294557703,0.7119307621927176,26.084128995659718,26.686524431423607,26.702875,27.961015624999995,28.077968750000004,8,198
868,Pelorus Island,SL,107,27.062549807725695,0.8884361829224334,0.764913493750007,26.042746875,26.591772804687498,26.678333333333335,28.024140624999998,28.114645833333334,8,199
868,Pelorus Island,SL,108,27.020787404513886,0.9224358160747255,0.9513251674791813,25.965739583333324,26.408223958333334,26.704055868055555,28.042552083333334,28.098875000000003,8,200
868,Pelorus Island,SL,109,26.988096119357643,0.9258453162899869,1.151808926238535,25.905750000000005,26.30965625,26.755009477430555,27.98510416666667,28.072010416666668,8,201
868,Pelorus Island,SL,110,26.980127824218748,0.9240140022067799,1.3913441862468945,25.847458333333325,26.30439583333333,26.830532130208336,27.95880208333333,28.037989583333328,8,202
868,Pelorus Island,SL,111,26.95457728125,0.9129153215424248,1.3795901874999936,25.796427083333334,26.316072916666663,26.845996625,27.853906249999994,28.03033333333333,8,203
868,Pelorus Island,SL,112,26.93616053428819,0.9096282040434666,1.3595133125000118,25.745114583333326,26.36592708333333,26.83478797048611,27.794947916666672,28.018583333333332,8,204
868,Pelorus Island,SL,113,26.901242331163193,0.956527585482639,1.2621550605197807,25.588166666666666,26.36390104166667,26.87139640798611,27.717395833333327,28.034499999999994,8,205
868,Pelorus Island,SL,114,26.866370556423607,1.0259999393499522,1.235124814685413,25.40925,26.335187499999993,26.89337805902778,27.71572916666667,28.042718749999995,8,206
868,Pelorus Island,SL,115,26.82277000564236,1.0887619267483686,1.3606456147885433,25.263458333333332,26.340994791666674,26.821892522569442,27.719401041666668,28.057640624999994,8,207
868,Pelorus Island,SL,116,26.78167566362847,1.1136885816714575,1.353668550667695,25.20953125,26.186484374999996,26.81717140451389,27.682708333333327,28.069906249999995,8,208
868,Pelorus Island,SL,117,26.73363812269134,1.1542437296024624,1.2917609771912506,25.13003125,25.951510416666665,26.861948324098705,27.666093749999995,28.059791666666655,8,209
868,Pelorus Island,SL,118,26.660690884031467,1.1780206828005917,1.549632446808515,25.08742708333333,25.703196476063823,26.855372135416662,27.532994791666667,28.055640624999995,8,210
868,Pelorus Island,SL,119,26.568794359725914,1.1782763672423493,1.6859235405585093,25.038656249999995,25.549316267730493,26.765963121527776,27.404453124999996,27.98666145833333,8,211
868,Pelorus Island,SL,120,26.49832993532986,1.1877092844363812,1.6391224062499972,24.95226041666666,25.491875,26.724309324652783,27.23846354166666,27.968182291666665,8,212
868,Pelorus Island,SL,121,26.414074075520833,1.1569885744002304,1.5595870937499983,24.877229166666666,25.483958333333334,26.676035885416667,27.054401041666672,27.84993229166667,8,213
868,Pelorus Island,SL,122,26.359056552951387,1.1279557889283724,1.4866153749999962,24.84190625,25.52411458333333,26.556851211805558,27.007447916666663,27.766999999999996,8,214
868,Pelorus Island,SL,123,26.322645396701386,1.1190391809815197,1.4078522499999968,24.810395833333335,25.55604166666667,26.448987836805554,27.013640625,27.72804166666666,8,215
868,Pelorus Island,SL,124,26.282533616319444,1.1499001661220722,1.348007718749996,24.70820833333333,25.51794270833333,26.46084279861111,27.03411979166667,27.65341666666667,8,216
868,Pelorus Island,SL,125,26.27718689626736,1.111337922123407,1.2725649999999935,24.750645833333337,25.562734375,26.42354966840277,27.03527083333333,27.595078125,8,217
868,Pelorus Island,SL,126,26.200666156249998,1.1250603996588624,1.3481034082250072,24.587979166666663,25.624817708333328,26.280362541666662,27.04775,27.487453125,8,218
868,Pelorus Island,SL,127,26.13020051779514,1.1868920315030516,1.542212874999993,24.416583333333335,25.61205729166667,26.122937487847224,27.055885416666662,27.494968749999998,8,219
868,Pelorus Island,SL,128,26.074637046413265,1.1863486508082655,1.4806202426861657,24.42135660460993,25.521266622340423,25.980077440972224,27.03606770833332,27.479140624999992,8,220
868,Pelorus Island,SL,129,26.000087360129832,1.1541725447212385,1.4126089250000071,24.41847916666667,25.38452219202898,25.916973534722224,26.947989583333335,27.380291666666665,8,221
868,Pelorus Island,SL,130,25.89832110850694,1.1113481194394144,1.4390177374999884,24.406447916666664,25.275781249999994,25.788669850694447,26.85317187499999,27.229848958333335,8,222
868,Pelorus Island,SL,131,25.78658001866319,1.078103207906705,1.5369156687500016,24.387614583333328,25.134583333333328,25.637080491319445,26.81172395833333,27.053500000000003,8,223
868,Pelorus Island,SL,132,25.69394655815972,1.0241457461284418,1.4533340937500001,24.444385416666663,24.978593749999998,25.519213315972223,26.678442708333332,26.929543749999993,8,224
868,Pelorus Island,SL,133,25.61319873177083,0.9590054260073454,1.3780458125000081,24.493166666666664,24.876927083333324,25.449378260416665,26.526031249999996,26.783037499999995,8,225
868,Pelorus Island,SL,134,25.591957498919545,0.8934039585736334,1.2744369601031353,24.530822916666665,25.000520833333326,25.399075119791668,26.410208333333333,26.701620921985814,8,226
868,Pelorus Island,SL,135,25.56039888715278,0.8393888545393439,1.2331062187500057,24.532041666666668,24.99059895833333,25.410293465277775,26.345026041666667,26.596161458333334,8,227
868,Pelorus Island,SL,136,25.477433262586807,0.8471499973332294,1.203840312499998,24.407552083333336,24.951666666666668,25.312326800347222,26.29390625,26.506940625,8,228
868,Pelorus Island,SL,137,25.407979838541667,0.8707365566818993,1.1529531562499942,24.29565625,24.88486979166667,25.2376276875,26.226171875,26.476068750000003,8,229
868,Pelorus Island,SL,138,25.360153207465277,0.885039975771364,1.1311774687499956,24.25777083333334,24.783619791666666,25.192664913194445,26.180390625,26.452488541666664,8,230
868,Pelorus Island,SL,139,25.26309141362847,0.8471894645888282,1.1584356875000024,24.23153125,24.648411458333328,25.133990654513887,26.14869791666666,26.209028124999996,8,231
868,Pelorus Island,SL,140,25.23126,0.8184818276048903,1.1489223374999948,24.28938020833333,24.561380208333333,25.136821250000004,26.068786458333324,26.139203124999995,8,232
868,Pelorus Island,SL,141,25.15639164800347,0.8016443868818102,1.1202124062500003,24.242843749999995,24.524166666666666,25.070670758680556,25.916328125,26.066359375000005,8,233
868,Pelorus Island,SL,142,25.07732959375,0.8177902190312873,1.132088649999989,24.16732291666667,24.381008812500003,25.01034027777778,25.80407291666666,26.04561458333333,8,234
868,Pelorus Island,SL,143,24.971450469184028,0.833976184514244,1.1408606999999984,24.049750000000003,24.246015315104167,24.927499999999995,25.678625,25.97208333333333,8,235
868,Pelorus Island,SL,144,24.909257121527776,0.8006989380731834,0.9907978789916628,23.989619791666662,24.24085522916667,24.916145833333324,25.505078124999997,25.886208333333336,8,236
868,Pelorus Island,SL,145,24.853422826388886,0.7597247595224517,0.9450437516333227,24.002239583333335,24.201677583333336,24.82520833333333,25.394619791666663,25.832582291666668,8,237
868,Pelorus Island,SL,146,24.800461536458336,0.7331945350598004,0.9736013354374936,24.03536730208333,24.08811578125,24.739374999999995,25.38132291666667,25.751945833333338,8,238
868,Pelorus Island,SL,147,24.74353558723958,0.7240551569866214,0.9823769374999967,23.932968386979166,24.102682291666664,24.647656249999994,25.404687499999998,25.650614583333336,8,239
868,Pelorus Island,SL,148,24.631585289930552,0.7035475356202096,0.9260072499999926,23.76442996597222,24.106432291666664,24.55291666666666,25.256510416666657,25.51437083333333,8,240
868,Pelorus Island,SL,149,24.51618262673611,0.714143649157767,0.8495606875000095,23.56815486736111,23.98976562499999,24.564947916666668,25.063125,25.375645833333333,8,241
868,Pelorus Island,SL,150,24.39204063975694,0.7535533864299918,0.7524194999999951,23.299473826736108,23.93872395833333,24.532604166666665,24.906458333333326,25.252533333333325,8,242
868,Pelorus Island,SL,151,24.23612132161458,0.8012216872050619,0.6520351250000048,23.00657774739583,23.854557291666662,24.430208333333326,24.799791666666668,25.071971874999996,8,243
868,Pelorus Island,SL,152,24.125348196180553,0.807234023481547,0.5848084812499906,22.903288745138887,23.636484374999995,24.4684375,24.672239583333326,24.88450104166666,8,244
868,Pelorus Island,SL,153,24.046908013020833,0.8113632911736507,0.3209211249999978,22.829958061458335,23.473675401041667,24.483333333333334,24.658234374999996,24.702166666666663,8,245
868,Pelorus Island,SL,154,23.972940151909718,0.8658323767268927,0.5161610124999977,22.691559508680555,23.35052613715278,24.403937499999994,24.51052083333333,24.807583333333326,8,246
868,Pelorus Island,SL,155,23.920095053385417,0.8717134274051281,0.7046519812499948,22.621197399479165,23.36619010677083,24.26378125,24.465390625,24.813968749999997,8,247
868,Pelorus Island,SL,156,23.846015595920136,0.8377322836406678,0.7138101249999986,22.583882210243058,23.372921816840275,24.102541666666664,24.388932291666663,24.73435416666667,8,248
868,Pelorus Island,SL,157,23.75192562630208,0.886111303504984,0.7334236874999965,22.446321961979166,23.282908544270832,23.94803125,24.290104166666666,24.765562499999987,8,249
868,Pelorus Island,SL,158,23.62274202126736,0.9616084688898546,0.7169452062500026,22.208855784548604,23.198260084201383,23.76403125,24.18390625,24.76323958333333,8,250
868,Pelorus Island,SL,159,23.559831225260414,0.9973213771349986,0.7250840624999989,22.059676389062496,23.159396825520833,23.74230208333333,24.098281249999992,24.726927083333333,8,251
868,Pelorus Island,SL,160,23.526987220052078,0.9816943598109543,0.7379023749999926,22.055511091145828,23.129870273437504,23.713729166666663,24.021692708333322,24.689239583333325,8,252
868,Pelorus Island,SL,161,23.500346615017357,0.9760273456321537,0.8574370000000049,22.05302573038194,23.00547968836805,23.748760416666663,23.97453125,24.655572916666664,8,253
868,Pelorus Island,SL,162,23.51174231944444,0.9979482850767037,0.8381323124999988,21.981053494444442,23.034755472222226,23.85183333333332,24.003072916666664,24.602229166666667,8,254
868,Pelorus Island,SL,163,23.47009620399305,1.017429091176832,0.8324181249999908,21.87700791284722,23.009473657986117,23.837739583333324,24.04114583333333,24.500291666666666,8,255
868,Pelorus Island,SL,164,23.424882533854166,1.0963556915650314,0.8614060437499997,21.711545053124997,22.910765067708333,23.84555208333333,24.070208333333333,24.48921875,8,256
868,Pelorus Island,SL,165,23.387505403211804,1.1725251080227623,0.8055460000000021,21.51820575399306,22.98300038975694,23.78094791666667,24.108072916666664,24.478708333333334,8,257
868,Pelorus Island,SL,166,23.34279443489583,1.2252773237985033,0.7785194374999977,21.384335876041664,22.949901369791668,23.77028125,24.110156249999992,24.42944791666666,8,258
868,Pelorus Island,SL,167,23.30268617361111,1.241087655713278,0.8509506250000003,21.348027536111108,22.833278597222225,23.71752083333333,24.110104166666666,24.431729166666667,8,259
868,Pelorus Island,SL,168,23.20474314019097,1.2580895567272428,0.9774349374999985,21.256362042534715,22.664012322048606,23.649114583333333,23.927567708333335,24.411437499999998,8,260
868,Pelorus Island,SL,169,23.12232664794337,1.283929908117262,0.9635355625000058,21.15288544757478,22.556361629220078,23.59395833333333,23.841541666666668,24.326822916666664,8,261
868,Pelorus Island,SL,170,22.98072958761351,1.2316997957970732,0.9437032911168052,21.06367187499999,22.51777335901442,23.375520833333333,23.73334895833333,24.11678125,8,262
868,Pelorus Island,SL,171,22.897497799479165,1.1378319231135885,0.9007079937187384,21.144401041666665,22.463825338541668,23.214229166666662,23.707552083333326,23.901395833333325,8,263
868,Pelorus Island,SL,172,22.894717941840273,0.9762436279839125,0.9433708177104142,21.46582291666666,22.374125359374997,23.11475,23.710390625,23.784296874999995,8,264
868,Pelorus Island,SL,173,22.92955602300347,0.8795086339945258,1.0869465687499864,21.815828124999996,22.306362179687504,22.981239583333334,23.627395833333328,23.91846354166666,8,265
868,Pelorus Island,SL,174,22.874376101128473,0.8669338660988353,1.1995689238822884,21.930614583333334,22.10182291666667,22.862743987847225,23.461671874999993,23.981229166666665,8,266
868,Pelorus Island,SL,175,22.806071691532726,0.7664232909965337,1.128863379581133,21.927166666666665,22.114166666666662,22.875574584905657,23.1715625,23.89870833333333,9,267
868,Pelorus Island,SL,176,22.758869266203703,0.7471368398227215,0.9897171047750105,21.941958333333332,22.168645833333326,22.836200875,23.058791666666668,23.88191666666667,9,268
868,Pelorus Island,SL,177,22.635489760030865,0.8185656847414765,1.123378375000016,21.718770833333327,21.978461729166668,22.752708333333324,22.94204166666666,23.86229166666667,9,269
868,Pelorus Island,SL,178,22.55574835146605,0.8998334425261125,1.0010638750000007,21.463229166666665,21.901914649305553,22.67166666666667,22.96707051388889,23.855125,9,270
868,Pelorus Island,SL,179,22.599250523148147,0.876660694039977,0.9826910118958306,21.507083333333327,21.971329826388885,22.634145833333328,23.04017488194444,23.870770833333328,9,271
868,Pelorus Island,SL,180,22.689364708251244,0.8375024867113384,0.8450393031791608,21.689674645390067,22.033924631944444,22.60389583333333,22.911240277777775,23.974354166666668,9,272
868,Pelorus Island,SL,181,22.67398504591049,0.8125010298225558,0.5803854633208226,21.699110312499997,22.23979166666666,22.54416666666667,22.935631298611106,23.94302083333333,9,273
868,Pelorus Island,SL,182,22.640038455632716,0.8212145539851581,0.6166437899270846,21.64899845138889,22.119479166666665,22.51091666666667,23.039375000000003,23.85273165555556,9,274
868,Pelorus Island,SL,183,22.591416815972224,0.8201785245738746,0.5671543960104045,21.566958333333332,22.13602210069445,22.518562499999998,22.88729166666667,23.795641697222223,9,275
868,Pelorus Island,SL,184,22.506058618441358,0.8076928615100918,0.6657768862354161,21.478625,22.066814642361116,22.515875000000005,22.742708333333322,23.710235169444445,9,276
868,Pelorus Island,SL,185,22.38043623341049,0.8115111539487541,0.7028450624999981,21.37895833333333,21.861027197916666,22.244583333333324,22.718645833333323,23.57255539444444,9,277
868,Pelorus Island,SL,186,22.227544883873453,0.8427160676848477,0.8895600000000126,21.299916666666668,21.58457826041667,22.091041666666673,22.935145833333323,23.422751111111104,9,278
868,Pelorus Island,SL,187,22.16312594560185,0.8521046861687757,0.9147337294812492,21.227749887500003,21.398749999999996,21.96229166666667,22.979300458333327,23.31469999999999,9,279
868,Pelorus Island,SL,188,22.131835108796295,0.8890723010690584,1.0445426746708337,21.105352913888886,21.295625,21.866666666666667,22.99173786111111,23.273474999999998,9,280
868,Pelorus Island,SL,189,22.118196627700616,0.9361452593835657,1.2738005000000108,20.97849023194444,21.299583333333327,21.833125000000003,23.05931490277778,23.202104166666665,9,281
868,Pelorus Island,SL,190,22.16609483950617,0.9015828545593803,1.3942617499999854,20.944280579166666,21.608958333333327,21.932916666666667,23.026166666666665,23.13671825833333,9,282
868,Pelorus Island,SL,191,22.22024921720679,0.8730195056896102,1.1689374374999955,20.91750574375,21.83510416666666,22.1675,22.955937499999997,23.099131695833336,9,283
868,Pelorus Island,SL,192,22.199124790123456,0.8351732731063148,0.7694385125000176,20.909861958333334,21.805104166666663,22.28833333333332,22.8073125,23.093607741666666,9,284
868,Pelorus Island,SL,193,22.23062286381173,0.7918594259736683,0.8103335625000003,21.03074727291667,21.798020833333325,22.344583333333325,22.848666666666666,23.111492738888884,9,285
868,Pelorus Island,SL,194,22.28097358024691,0.7452704053920681,0.9067025625000076,21.181687379166668,21.82552083333332,22.437083333333327,22.79035416666667,23.161482454166666,9,286
868,Pelorus Island,SL,195,22.316470943287037,0.7172175809185044,0.6208387500000148,21.236142460416673,21.899374999999996,22.549583333333324,22.799666666666667,23.139875633333336,9,287
868,Pelorus Island,SL,196,22.387866739969137,0.7109204345183512,0.7579792499999953,21.326307308333334,21.959583333333335,22.755625,22.830625,23.1619855875,9,288
868,Pelorus Island,SL,197,22.35950014270833,0.7052382796158396,0.8480935312500055,21.438895451215274,21.704453125,22.474895833333335,22.907447916666666,23.218829292013886,10,289
868,Pelorus Island,SL,198,22.42535997013889,0.808896689439169,0.9396963120124922,21.441112958680552,21.750859375000005,22.456614583333334,22.869687500000005,23.592613997916665,10,290
868,Pelorus Island,SL,199,22.376678915277775,0.7747454546427879,0.997202937499999,21.38703389166666,21.760729166666664,22.40869791666666,22.96661458333333,23.420842635416665,10,291
868,Pelorus Island,SL,200,22.372266743749996,0.8116749251483822,1.1253014204541618,21.34902676493055,21.678072916666665,22.44656249999999,22.988716447916662,23.472471874999997,10,292
868,Pelorus Island,SL,201,22.38638114756944,0.8681011406193032,1.1231017053666692,21.291056030729166,21.574192708333328,22.490937499999994,23.071360708333334,23.493412499999998,10,293
868,Pelorus Island,SL,202,22.43022339513889,0.8590882866560875,0.735940174491669,21.268328707291666,21.60807291666667,22.648333333333333,23.083515625,23.41334219583333,10,294
868,Pelorus Island,SL,203,22.455763106249996,0.8505096473031335,0.5082642112916644,21.200042248958326,21.737604166666664,22.736302083333328,23.02229166666666,23.355365687499997,10,295
868,Pelorus Island,SL,204,22.43067169722222,0.8408076149828546,0.4762852500000013,21.122834096875003,21.77489583333333,22.85369791666666,22.989528355902774,23.208832291666667,10,296
868,Pelorus Island,SL,205,22.368101289236108,0.893551526641892,0.5452171359979188,21.031685746354167,21.566770833333333,22.831214413194445,23.03505208333333,23.201447916666666,10,297
868,Pelorus Island,SL,206,22.294974966666665,0.9325269808199173,0.8070594874999918,20.957416666666663,21.443559963541666,22.684918190972223,22.93401041666666,23.316127083333328,10,298
868,Pelorus Island,SL,207,22.24767475486111,0.9101132405940257,0.7856853375000012,20.96062703125,21.42776041666666,22.54501387847222,22.90130208333333,23.271740625,10,299
868,Pelorus Island,SL,208,22.214681927430554,0.9188528158878737,1.1082435000000006,20.9752516953125,21.37567708333333,22.474411225694443,22.923994791666658,23.247999999999998,10,300
868,Pelorus Island,SL,209,22.222891091666664,0.8923388414427385,1.2489987538291751,21.05100623125,21.50130208333333,22.346292284722225,22.917072916666662,23.30150520833333,10,301
868,Pelorus Island,SL,210,22.300972976595745,0.9562889307671464,1.2941090312500054,21.098614231250004,21.543646941489357,22.283832965277774,23.182994791666665,23.453234375,10,302
868,Pelorus Island,SL,211,22.33080809131944,0.958128131232269,1.2798235625000078,21.14644911302083,21.58869791666666,22.351995145833328,23.188958333333336,23.507941666666667,10,303
868,Pelorus Island,SL,212,22.299688306944443,0.9002394046651786,1.17697228524167,21.15561389791667,21.603125,22.28364583333333,23.093126381944444,23.35766875,10,304
868,Pelorus Island,SL,213,22.32554924409722,1.0077059341245593,1.2952673124999992,21.102895377951395,21.547708333333336,22.30114583333333,23.185885416666668,23.583300464583328,10,305
868,Pelorus Island,SL,214,22.350099438541662,1.0896090325236574,1.4357003556510326,21.039845039062502,21.547864583333325,22.176874999999995,23.30114583333333,23.77619811423611,10,306
868,Pelorus Island,SL,215,22.21935725381944,0.9990298533533165,1.2378165624999855,20.975730122395824,21.495260416666667,22.146250000000002,23.029739583333324,23.480788959374994,10,307
868,Pelorus Island,SL,216,22.077515192013887,0.9346489603874746,1.0467773749999987,20.996245130729168,21.286875000000002,22.047916666666662,22.62890104166667,23.376238858333323,10,308
868,Pelorus Island,SL,217,22.028537853472223,0.9918748201457984,1.0893411376312532,20.924078125,21.180842953125,21.98135416666667,22.51763541666667,23.50096352708333,10,309
868,Pelorus Island,SL,218,22.06085139097222,1.0676672169027486,1.2356282088645827,20.940072916666665,21.158219244791667,21.928229166666664,22.741109375,23.63715075416667,10,310
868,Pelorus Island,SL,219,22.18348069002525,1.0672207485157772,1.3504015000000043,21.05984375,21.150552624999996,21.986666666666665,22.948572916666663,23.636303670138886,11,311
868,Pelorus Island,SL,220,22.245377513888887,0.9968971960022414,1.0378200000000042,21.138749999999995,21.410576371527775,21.804583333333326,23.00721870486111,23.637197916666665,11,312
868,Pelorus Island,SL,221,22.26869373989899,0.9335272514616977,0.9814503125000028,21.253385416666664,21.490671510416668,21.84791666666667,22.945310725694448,23.64063541666666,11,313
868,Pelorus Island,SL,222,22.25048388239442,0.923425472553238,0.35165418750000144,21.410432713541667,21.43227836879432,21.640625,23.065585687499997,23.51873958333333,11,314
868,Pelorus Island,SL,223,22.213388249999998,0.9408023437437328,0.7972063749999913,21.16125,21.455472329861113,21.6425,23.11444429513889,23.400802083333332,11,315
868,Pelorus Island,SL,224,22.15019587026515,0.9840700079309935,1.37202274999999,20.873958333333334,21.43170377951389,21.700208333333325,23.070467256944443,23.31546875,11,316
868,Pelorus Island,SL,225,22.065261916982323,0.9329116119222319,1.5165762499999849,20.728333333333335,21.474440619791668,21.823333333333323,22.92704166666666,23.078333333333333,11,317
868,Pelorus Island,SL,226,22.045813717171715,0.9141763309624148,1.4906307500000138,20.706874999999997,21.442178034722225,21.806250000000002,22.889791666666667,23.00598958333333,11,318
868,Pelorus Island,SL,227,22.04825195549242,0.9590400351275531,1.5459193750000109,20.671145833333327,21.445766428819447,21.742916666666666,23.01095265972222,23.061666666666667,11,319
868,Pelorus Island,SL,228,22.140267570525737,1.0673316771453043,1.6887740624999967,20.644062499999997,21.453848103169328,21.808020833333327,23.09703125,23.49426936805556,11,320
868,Pelorus Island,SL,229,22.181638348800504,1.1263630551274038,1.6632918749999883,20.6321875,21.396474473958335,21.931250000000002,23.16166666666666,23.663317694444444,11,321
868,Pelorus Island,SL,230,22.222545847853528,1.117862771418077,1.5811311250000157,20.73833333333333,21.38457801041666,22.05270833333332,23.230312499999997,23.6743199861111,11,322
868,Pelorus Island,SL,231,22.268604025252525,1.1059667792900791,1.5212093750000018,20.838437499999998,21.400805572916667,22.136250000000004,23.235312500000003,23.724214482638885,11,323
868,Pelorus Island,SL,232,22.302569897411615,1.0936666584980377,1.3587411249999861,20.91447916666667,21.417339848958335,22.13875,23.147656249999997,23.828711253472214,11,324
868,Pelorus Island,SL,233,22.343202779671717,1.0928070551264257,1.2643798125000034,21.028020833333336,21.434490631944442,22.07895833333333,22.94265625,24.037353822916664,11,325
868,Pelorus Island,SL,234,22.355425148358584,1.086995477094988,0.9897899375000004,21.094791666666662,21.45327554166667,22.189895833333335,22.809927083333335,24.128458607638883,11,326
868,Pelorus Island,SL,235,22.391325834280302,1.064859084117772,0.7933763250000011,21.134583333333335,21.587447164930552,22.285625,22.8135,24.165303256944448,11,327
868,Pelorus Island,SL,236,22.549324102272724,1.083390476337135,1.0515649375000073,21.2278125,21.862383104166668,22.395208333333333,22.924218749999998,24.352441125,11,328
868,Pelorus Island,SL,237,22.633115666666665,1.066004173030352,0.9080747911666615,21.303020833333335,21.986354166666665,22.61947027777778,22.96014583333333,24.38782811111111,11,329
868,Pelorus Island,SL,238,22.66538431100231,1.0238213445925224,1.077078012499996,21.34052083333333,22.010387854609924,22.663958333333333,23.080116171874998,24.284422184027775,11,330
868,Pelorus Island,SL,239,22.694490501893938,0.9824008975643719,1.0106081125000015,21.316770833333326,22.087083333333332,22.742604166666666,23.18651779861111,24.16495079513889,11,331
868,Pelorus Island,SL,240,22.72127396401515,0.9372819417748642,0.6762200374999991,21.316354166666663,22.197395833333324,22.83145833333333,23.14503996180556,24.094571006944445,11,332
868,Pelorus Island,SL,241,22.740275821969696,0.8710151779292525,0.8134223124999923,21.323645833333327,22.343020833333338,22.9234375,23.10191666666666,23.941048493055554,11,333
868,Pelorus Island,SL,242,22.751016565972222,0.8682509924765629,1.0154032578812544,21.300312499999997,22.320416666666667,23.013838447916665,23.194708333333338,23.846359388888892,11,334
868,Pelorus Island,SL,243,22.767425015782823,0.8477144712485956,0.8997386255666762,21.346666666666664,22.27833333333333,23.043020833333326,23.311249999999994,23.723797277777773,11,335
868,Pelorus Island,SL,244,22.83866397222222,0.7910541000824166,0.9169881000000172,21.607083333333325,22.229374999999997,23.079374999999995,23.42423853472222,23.70404166666667,11,336
868,Pelorus Island,SL,245,22.922003322916662,0.7401081240270769,0.7428099611770828,21.79541666666666,22.329791666666665,23.22627321180556,23.403433753472214,23.738666666666667,11,337
868,Pelorus Island,SL,246,23.057968410669186,0.7334432163044861,0.5621525000000049,21.864479166666662,22.684374999999996,23.283125,23.480471076388884,23.862833333333327,11,338
868,Pelorus Island,SL,247,23.12315076862373,0.735369812136667,0.569785779354174,21.975312499999994,22.74854166666666,23.296249999999993,23.587782621527776,23.94180208333332,11,339
868,Pelorus Island,SL,248,23.219218558396463,0.7688428347402747,0.8740544750000088,22.054791666666667,22.858333333333334,23.309895833333325,23.683781249999996,24.169941666666663,11,340
868,Pelorus Island,SL,249,23.25758390782828,0.7460652886272531,0.7869517249999827,22.043750000000003,22.93968015277777,23.367916666666666,23.758526041666663,24.15756779861111,11,341
868,Pelorus Island,SL,250,23.339309610479795,0.7485870008375382,0.7105669375000015,22.115520833333335,23.061402774305552,23.42489583333333,23.861776041666666,24.264326125,11,342
868,Pelorus Island,SL,251,23.430221603851006,0.7447394454416438,0.7450064999999914,22.138958333333328,23.21951065451389,23.526874999999997,23.96368229166666,24.261984208333338,11,343
868,Pelorus Island,SL,252,23.499104148358583,0.7086286802089564,0.5867353361624822,22.239374999999995,23.296770833333333,23.691960770833333,23.993281249999995,24.22851951388889,11,344
868,Pelorus Island,SL,253,23.608830152777777,0.7122957063839548,0.3630692088041669,22.37625,23.383749999999992,23.765738173611112,23.991890624999996,24.417295711805558,11,345
868,Pelorus Island,SL,254,23.71379841698232,0.7235091700296296,0.5065550000000186,22.524583333333325,23.539270833333326,23.672708333333325,24.074062500000004,24.619959475694444,11,346
868,Pelorus Island,SL,255,23.763548510517406,0.7506556942917898,0.6603747499999892,22.531041666666667,23.558445364583335,23.706666666666667,24.199270833333323,24.709977249999994,11,347
868,Pelorus Island,SL,256,23.78637402998737,0.707985965939144,0.7433076875000034,22.61114583333333,23.53717411284722,23.761458333333326,24.358333333333334,24.604643468749998,11,348
868,Pelorus Island,SL,257,23.88488581722813,0.8103811989215036,0.665625624999995,22.65635416666667,23.529575289893614,23.864375000000003,24.461135416666664,24.950916496527782,11,349
868,Pelorus Island,SL,258,24.013150568813128,0.8592022573325576,0.7885578749999991,22.79666666666666,23.54290698263889,23.961041666666667,24.474791666666665,25.312593020833333,11,350
868,Pelorus Island,SL,259,24.082911378705532,0.8182292871450562,0.7436783375000051,22.983292572463768,23.52509115277778,24.07583333333333,24.464447916666664,25.29745177430555,11,351
868,Pelorus Island,SL,260,24.135757005681818,0.8365363313430494,0.6937332499999959,23.021249999999995,23.53239254513889,24.300625,24.534958333333336,25.300703277777778,11,352
868,Pelorus Island,SL,261,24.1132307645202,0.7849625481486938,0.8072448125000032,23.092083333333335,23.570283749999998,24.041458333333328,24.569843749999997,25.184527121527772,11,353
868,Pelorus Island,SL,262,24.14074668055555,0.7433161451249913,0.8197660284333147,23.19270833333333,23.63427083333333,24.032908722222224,24.53769791666666,25.18600654861111,11,354
868,Pelorus Island,SL,263,24.20595234532828,0.7470216915236552,0.7723300561083333,23.242812499999996,23.656666666666666,24.36011218055556,24.563906249999995,25.28422868402778,11,355
868,Pelorus Island,SL,264,24.24015201893939,0.6891996850734966,0.717145975000004,23.354270833333324,23.769583333333333,24.441125,24.550677083333333,25.188041972222223,11,356
868,Pelorus Island,SL,265,24.306206332070705,0.6708962304209819,0.6294872499999911,23.479687499999997,23.891145833333333,24.38395833333333,24.633557545138892,25.298009572916662,11,357
868,Pelorus Island,SL,266,24.356301261363633,0.6366694984900946,0.4988331249999887,23.5171875,24.0345,24.289375,24.699521864583332,25.257739239583337,11,358
868,Pelorus Island,SL,267,24.392393847853533,0.619965193290207,0.5369482999999952,23.531875000000003,24.167578125,24.261791666666667,24.68409545486111,25.27361758333332,11,359
868,Pelorus Island,SL,268,24.40860849431818,0.5984853357785448,0.5723715881916821,23.645208333333322,24.226458333333333,24.262999999999995,24.695571340277773,25.28622329513889,11,360
868,Pelorus Island,SL,269,24.445017051767675,0.5979752852802821,0.4095253163750045,23.651666666666664,24.181869791666664,24.405416666666664,24.70404802083333,25.336884305555554,11,361
868,Pelorus Island,SL,270,24.509055071969698,0.6560984471410807,0.44786874999999293,23.760833333333327,24.135708333333334,24.41625,24.69074478472222,25.56131852777778,11,362
868,Pelorus Island,SL,271,24.569994381628785,0.7099955242328349,0.4469730125000001,23.830624999999998,24.151031249999996,24.446458333333325,24.684083019097223,25.760542329861114,11,363
868,Pelorus Island,SL,272,24.63197362941919,0.8286749989813047,0.4901846250000019,23.87072916666667,24.191572916666658,24.496458333333326,24.70369511805555,26.00605567708333,11,364
868,Pelorus Island,SL,273,24.654475209911613,0.7801097490516771,0.38016334999999446,23.895729166666666,24.272604166666667,24.501833333333327,24.798732223958332,25.92280851388889,11,365
868,Pelorus Island,SL,274,24.68430138972528,0.6831082736195101,0.3895685937500012,23.971614583333327,24.3628125,24.590208776595745,24.84184062586806,25.732918696874997,12,1
868,Pelorus Island,SL,275,24.73592565480324,0.6520654674483658,0.5436777441812445,23.977937500000003,24.294603036458334,24.673604166666664,25.03390142447917,25.64367815104167,12,2
868,Pelorus Island,SL,276,24.781842463541665,0.6466358103840095,0.49907250312499535,23.980104166666663,24.326734819444443,24.770583333333335,25.063828124999997,25.678002115624995,12,3
868,Pelorus Island,SL,277,24.81767051244213,0.5920007621331228,0.4250379841093811,24.135697916666665,24.472249328125,24.834617890624997,24.958065104166668,25.672579937500004,12,4
868,Pelorus Island,SL,278,24.86289846153401,0.5946497797641067,0.6414521331531232,24.202409699305555,24.430781250000003,24.79513813020833,25.226687499999993,25.712525310512817,12,5
868,Pelorus Island,SL,279,24.935037251446758,0.6139291424743897,0.7240312260270814,24.282395833333325,24.46811548090278,24.80394101909722,25.31664583333333,25.827323458333332,12,6
868,Pelorus Island,SL,280,25.064040643311838,0.6183180130440784,0.5435538124999985,24.387640779166667,24.696116071428573,24.884713541666663,25.29309895833333,26.132730309375,12,7
868,Pelorus Island,SL,281,25.167702256944445,0.566758013584423,0.44027042499998825,24.527170277430553,24.88840104166667,25.060492621527782,25.346817708333326,26.12160932083333,12,8
868,Pelorus Island,SL,282,25.260253188575682,0.523272449094834,0.2525053125000021,24.67063270555555,25.017658854166665,25.13364583333334,25.370390625000002,26.145619146875,12,9
868,Pelorus Island,SL,283,25.268560767568736,0.5368269225149893,0.16854788110928126,24.6385073375,25.06010416666667,25.13549309499576,25.320145833333328,26.234412446874998,12,10
868,Pelorus Island,SL,284,25.285273177994483,0.5212510753812223,0.31597912500001285,24.641072242708326,25.051510416666673,25.21385416666666,25.42666666666667,26.221417495944145,12,11
868,Pelorus Island,SL,285,25.336790953993052,0.5308043324196476,0.33129306255938024,24.77533333333333,25.020017480034717,25.24010416666667,25.427510416666664,26.33054742083332,12,12
868,Pelorus Island,SL,286,25.508548732007572,0.5244713297237321,0.41078830625000246,25.02673802256944,25.158749999999998,25.447072916666663,25.563812499999997,26.455482399305556,11,13
868,Pelorus Island,SL,287,25.566471789141413,0.45517344024001,0.1992243750000137,25.052542163194445,25.323124999999997,25.539583333333333,25.60386802083333,26.346163822916665,11,14
868,Pelorus Island,SL,288,25.667036148358584,0.4689442434761904,0.2854004999999985,25.167939996527778,25.424583333333327,25.57645833333333,25.733891625,26.48366927777778,11,15
868,Pelorus Island,SL,289,25.64640518939394,0.4701462858347308,0.2971516184875002,25.055599048611114,25.476249999999997,25.54758439583333,25.763390624999992,26.38025917013889,11,16
868,Pelorus Island,SL,290,25.641109831177463,0.47086320674680304,0.24611580069998992,24.965204529513883,25.47449468085106,25.673502833333323,25.800828125,26.312679486111108,11,17
868,Pelorus Island,SL,291,25.563058329545452,0.5544985561254118,0.38065754999999507,24.818556121527774,25.141458333333322,25.69616666666667,25.84413969097222,26.297604166666666,11,18
868,Pelorus Island,SL,292,25.599129916982317,0.5783492235380197,0.31840379375000116,24.81463536979166,25.188626888888884,25.74232291666666,25.894592909722217,26.348124999999996,11,19
868,Pelorus Island,SL,293,25.65644295797738,0.6937643364225462,0.45955605425531837,24.678418805555555,25.249666779513888,25.75841666666666,25.960649822695032,26.572604166666665,11,20
868,Pelorus Island,SL,294,25.62608368181818,0.7480174797731918,0.5080839312500087,24.505593343749993,25.272090864583326,25.74817708333333,25.983979166666664,26.587812500000005,11,21
868,Pelorus Island,SL,295,25.599936701704543,0.7136865294545894,0.46538196249997915,24.558690927083333,25.268549473958334,25.64875,25.94663541666666,26.55593749999999,11,22
868,Pelorus Island,SL,296,25.624248568497475,0.6708484221217003,0.38808450085417423,24.674904920138886,25.331967414930553,25.674927083333337,25.859322916666663,26.538770833333338,11,23
868,Pelorus Island,SL,297,25.658356956123733,0.6445977491534312,0.5190644375000125,24.836456767361113,25.35594919965277,25.652395833333323,25.948749999999997,26.565843749999992,11,24
868,Pelorus Island,SL,298,25.72708862563131,0.662561347295792,0.5021023609583412,24.941994013888888,25.400520833333324,25.5526951875,26.109718749999995,26.698333333333338,11,25
868,Pelorus Island,SL,299,25.844460323863633,0.7756426831936994,0.7669295723541629,24.986798281249996,25.379947916666666,25.730531249999995,26.293843749999997,26.981875,11,26
868,Pelorus Island,SL,300,25.928673573232324,0.7455438582478527,0.6573786624999899,25.079166725694442,25.37322820138889,25.9943125,26.286322916666673,27.020729166666662,11,27
868,Pelorus Island,SL,301,26.017073370265148,0.720727276036493,0.6696530976041609,25.085311340277777,25.447585859374996,26.20040850694444,26.30934375,27.063541666666662,11,28
868,Pelorus Island,SL,302,26.11209548863636,0.7131203271842618,1.0285537500000073,25.26000173611111,25.482873006944445,26.196875000000006,26.426119791666665,27.223020833333326,11,29
868,Pelorus Island,SL,303,26.134769407196966,0.6614314810819801,0.6952685028916648,25.432060354166666,25.563459975694443,26.079172819444445,26.41039583333333,27.233124999999994,11,30
868,Pelorus Island,SL,304,26.28187901699844,0.6038436067220789,0.6614866999999893,25.618362526041665,25.84954869444445,26.186041666666668,26.536729166666664,27.23604166666667,11,31
868,Pelorus Island,SL,305,26.39419038852622,0.6116571238229548,0.6382944808624985,25.745364583333327,25.910553763888892,26.34736285416667,26.54438486258865,27.435625,11,32
868,Pelorus Island,SL,306,26.404597732954546,0.6523335467715412,0.42368383750001704,25.630132062500003,25.993541666666665,26.319583333333327,26.54852912152778,27.5228125,11,33
868,Pelorus Island,SL,307,26.4603877332702,0.5836796804030385,0.6178272187499964,25.73658293402778,26.089479166666663,26.39609375,26.799281249999996,27.336354166666666,11,34
868,Pelorus Island,SL,308,26.522292421717175,0.5791485600073313,0.471149389754166,25.83975669444445,26.13683621180556,26.37166666666667,26.87238541666667,27.412916666666668,11,35
868,Pelorus Island,SL,309,26.49655513131313,0.5480263664137177,0.5127325000000182,25.852967913194448,26.050378711805557,26.355208333333326,26.785968749999995,27.34354166666666,11,36
868,Pelorus Island,SL,310,26.48762742994626,0.4996089782995138,0.5945718607737362,25.879114583333333,26.043310258680552,26.376176076388887,26.87521923449612,27.183020833333323,11,37
868,Pelorus Island,SL,311,26.572017982638886,0.4026283726851584,0.5916069178104316,26.10244515277778,26.185483300347215,26.55791666666667,26.87923437499999,27.114791666666665,11,38
868,Pelorus Island,SL,312,26.714361646464646,0.45747608974224296,0.5944624826291671,26.166822916666668,26.3380870625,26.77625,27.011333333333333,27.360208333333325,11,39
868,Pelorus Island,SL,313,26.74582700631313,0.4380353933661339,0.498324057816673,26.194650847222224,26.41939302777778,26.676875000000006,27.158749999999998,27.30619791666666,11,40
868,Pelorus Island,SL,314,26.693914494633837,0.4377857297055504,0.3901400125000096,26.125421284722222,26.430250817708334,26.699979166666658,26.962395833333332,27.281041666666667,11,41
868,Pelorus Island,SL,315,26.659340666666665,0.3809899157123633,0.2511592352500032,26.204778368055557,26.42765630555555,26.568961319444448,26.95145833333333,27.203718749999993,11,42
868,Pelorus Island,SL,316,26.673725668876262,0.32285813063774965,0.4571091471625024,26.231666666666662,26.44854496006944,26.63772577083333,26.95739583333333,27.080072916666673,11,43
868,Pelorus Island,SL,317,26.703082992739898,0.26121478424435807,0.24093481381667103,26.353989984375,26.510866461805556,26.71478336111111,26.849916666666662,27.043020833333333,11,44
868,Pelorus Island,SL,318,26.803590533459595,0.2731092614378632,0.267085293562504,26.457701423611113,26.60947916666667,26.826603437499998,26.924526041666663,27.210729166666667,11,45
868,Pelorus Island,SL,319,26.9269838582702,0.3305580262411963,0.33614866249999237,26.507246647569445,26.74864373958333,26.895270833333328,27.067343749999992,27.446083333333334,11,46
868,Pelorus Island,SL,320,27.051399868371213,0.3861865096023476,0.3882383308999861,26.616380859375,26.80734375,26.95459516666667,27.184791666666666,27.712666666666667,11,47
868,Pelorus Island,SL,321,27.151640298295455,0.38851107221663606,0.2095964180916524,26.76718324826389,26.925880059027776,26.994374999999994,27.288958333333333,27.83439583333334,11,48
868,Pelorus Island,SL,322,27.242640310921715,0.38358373945169394,0.47537517040416305,26.765714644097223,27.002916368055555,27.206052229166666,27.453437499999996,27.818385416666672,11,49
868,Pelorus Island,SL,323,27.280509761363636,0.4116377937137026,0.5083482252916683,26.816649767361113,26.951729166666667,27.194912006944445,27.64229166666667,27.87561458333333,11,50
868,Pelorus Island,SL,324,27.28593280492424,0.41783877689093396,0.3894621966083249,26.83711750347222,26.98076292361111,27.115208333333324,27.734999999999992,27.852041666666672,11,51
868,Pelorus Island,SL,325,27.222238216177733,0.4752046845995926,0.4982162707374976,26.571325722222223,26.967648579861113,27.12619371527778,27.542916666666663,27.877077570921983,11,52
868,Pelorus Island,SL,326,27.19747088036616,0.5030313790558084,0.46822612468333025,26.552535499999998,26.89302083333334,27.190605861111113,27.455057291666662,27.98171875,11,53
868,Pelorus Island,SL,327,27.27266579198232,0.4916153712768368,0.5419289814458352,26.698757618055552,26.848229166666663,27.272083333333335,27.522852154513888,28.04013541666666,11,54
868,Pelorus Island,SL,328,27.335776546085853,0.5497401139819794,0.4960532499999965,26.537735121527774,27.01697916666666,27.399583333333325,27.561160881944442,28.16058333333332,11,55
868,Pelorus Island,SL,329,27.32633311205808,0.5521022427539225,0.578495637372914,26.563077152777772,26.99854166666666,27.38895685763889,27.632906743055557,28.142208333333333,11,56
868,Pelorus Island,SL,330,27.364572592171715,0.6149697674130857,0.7614096054541833,26.556518923611115,26.930729166666666,27.367730409722228,27.797671378472216,28.259479166666658,11,57
868,Pelorus Island,SL,331,27.429813041666666,0.5758005247616302,0.6004732622000084,26.709345138888885,26.99442708333333,27.329180333333337,27.9268940625,28.221302083333324,11,58
868,Pelorus Island,SL,332,27.431327774936868,0.5620946763785118,0.8720324402562442,26.649320274305552,27.046223958333332,27.341197177083338,27.942625,28.12285785763889,11,59
868,Pelorus Island,SL,333,27.462574010732325,0.6209156374261119,0.8297292548708269,26.589829756944447,26.993864583333334,27.387792784722222,27.953302083333334,28.222916666666666,11,60
868,Pelorus Island,SL,334,27.54699483096255,0.730637433470486,0.8338601851562502,26.525817708333335,27.016408076388892,27.451506510416667,28.17226823958333,28.37370345744681,11,61
868,Pelorus Island,SL,335,27.529915552398986,0.7869265560911505,1.0141804680874893,26.44596874999999,26.997381534722216,27.524840479166667,28.251427083333326,28.337181680555556,11,62
868,Pelorus Island,SL,336,27.540555845643937,0.8290147907022306,1.1252082380145862,26.455624999999998,26.87047395833333,27.63456755902778,28.3344375,28.437717899305554,11,63
868,Pelorus Island,SL,337,27.565962509154037,0.8000385152405989,0.943408088627078,26.463958333333327,26.992734374999998,27.800339406250004,28.287770833333326,28.467288055555557,11,64
868,Pelorus Island,SL,338,27.558013378156563,0.7006474726612334,0.5807034707249835,26.435135416666668,27.176714517361106,27.830946583333336,28.063770833333333,28.238292020833327,11,65
868,Pelorus Island,SL,339,27.545364970328283,0.6696665244134614,0.19244009006251325,26.39438020833333,27.36449707638889,27.744166666666665,27.850107864583336,28.264291666666665,11,66
868,Pelorus Island,SL,340,27.680345466224747,0.7958242295164141,0.8438056770208519,26.329786458333334,27.403475385416666,27.785729166666663,28.240142482638895,28.577729166666664,11,67
868,Pelorus Island,SL,341,27.831292764835858,0.8975806833245775,0.7559643090854233,26.295312499999998,27.522604166666664,28.17286384375,28.431525166666667,28.807354166666663,11,68
868,Pelorus Island,SL,342,27.84272261679293,0.8764741861306667,0.6784860062749983,26.29553645833333,27.521562499999998,28.068409125000002,28.476396777777776,28.689989583333336,11,69
868,Pelorus Island,SL,343,27.816596649204815,0.809557251461976,0.6198028038416755,26.33975177304965,27.593489583333337,27.975073736111106,28.38528125,28.562646165632387,11,70
868,Pelorus Island,SL,344,27.85470563866054,0.7281446230228091,0.40014642995833394,26.553658023049643,27.70447916666667,27.939270069444447,28.236041666666658,28.70637521180555,11,71
868,Pelorus Island,SL,345,27.961760991477274,0.7124170013558385,0.5173656249999982,26.792479166666663,27.76052083333333,28.01145833333333,28.31625684027778,28.887651024305555,11,72
868,Pelorus Island,SL,346,27.917596671435096,0.707286777875472,0.5244697499999917,26.756071586879433,27.650625000000005,28.026875000000004,28.360023347222224,28.789253555555558,11,73
868,Pelorus Island,SL,347,27.929131217205295,0.7697617880572138,0.26702123803541034,26.71255596187943,27.621458333333337,28.08751296875,28.241933163194446,28.928103079861103,11,74
868,Pelorus Island,SL,348,27.82122119318182,0.7490692099392978,0.6429287384041704,26.593713541666666,27.560625,27.9075,28.220845579861113,28.735654493055556,11,75
868,Pelorus Island,SL,349,27.951714891729797,0.8055152345411642,0.6233630154937386,26.72466666666667,27.58776041666666,28.02246407291667,28.37830208333333,29.03455403472222,11,76
868,Pelorus Island,SL,350,28.04301035290404,0.73687395958377655,0.42101498247083424,26.90311979166667,27.750148100694446,28.09125,28.369902024305553,29.01026202430556,11,77
868,Pelorus Island,SL,351,28.13581416698232,0.7541558570553882,0.5772241688791453,26.930380208333332,27.829324303819444,28.340250965277782,28.421489583333322,29.127533340277772,11,78
868,Pelorus Island,SL,352,28.25690180492424,0.792675577358577,0.8213044009624969,27.064973958333333,27.77998140277778,28.27812110416666,28.744124999999997,29.32737109722222,11,79
868,Pelorus Island,SL,353,28.091749619633838,0.6518817990248369,0.3891678335854017,27.060984375000004,27.767840765625003,28.224629972222214,28.43799319791666,28.858541666666667,11,80
868,Pelorus Island,SL,354,28.081132022411616,0.6817410828870302,0.52460625730625,26.950859375,27.750426993055555,28.236782927083333,28.497395833333332,28.85280208333333,11,81
868,Pelorus Island,SL,355,28.014412654040406,0.6182224932792316,0.5849085670458382,27.005317708333333,27.67940895486111,28.21479166666667,28.344242326388887,28.765052083333337,11,82
868,Pelorus Island,SL,356,28.038748606060604,0.6012041519630453,0.29896711366666223,26.98874479166666,27.88679069097222,28.215023604166664,28.321666666666665,28.717413798611112,11,83
868,Pelorus Island,SL,357,28.05780252091568,0.6574705610939459,0.1978680108695703,26.887635416666665,28.033478260869565,28.18541666666667,28.287834864583335,28.810932343750004,11,84
868,Pelorus Island,SL,358,28.11940131849747,0.7516653704987429,0.5104159375000046,26.881432291666666,27.983124999999998,28.363125,28.42385925868055,28.994468749999992,11,85
868,Pelorus Island,SL,359,28.07895606545508,0.695594260067718,0.5906696141692275,26.956557291666662,27.829939708333335,28.071914893617024,28.530991378472223,28.895249999999997,11,86
868,Pelorus Island,SL,360,28.145850784090907,0.65838618849724,0.4605326249999867,27.044182291666665,27.94645625347222,28.242083333333323,28.600707434027775,28.796145833333334,11,87
868,Pelorus Island,SL,361,28.170865732323236,0.6825916471202106,0.5978275625000093,27.106104166666668,27.81776041666667,28.316875000000007,28.671589020833338,28.914842680555555,11,88
868,Pelorus Island,SL,362,28.24153643118687,0.7074591295614014,0.7122085360541707,27.161354166666662,27.862052083333335,28.33479166666667,28.717174399305563,29.156812499999997,11,89
868,Pelorus Island,SL,363,28.20651664804293,0.6746069554247616,0.5214273312499776,27.0865625,27.968630208333334,28.213333333333324,28.706449953125002,29.02344791666666,11,90
868,Pelorus Island,SL,364,28.234489830176766,0.5915233840725856,0.8786797133916561,27.296249999999997,27.94733333333333,28.30348448611111,28.655386190972216,28.902940631944446,11,91
868,Pelorus Island,SL,365,28.290595980744946,0.574847986018228,0.6933396454395756,27.429598958333322,27.95092480555555,28.390416666666667,28.67784788020833,28.946416666666664,11,92
